<?xml version='1.0' encoding='UTF-8'?>
<?artifactRepository version='1.1.0'?>
<repository name='file:/C:/Users/leelamani/AnypointStudio/devkit/weather-connector/target/update-site/ - artifacts' type='org.eclipse.equinox.p2.artifact.repository.simpleRepository' version='1'>
  <properties size='2'>
    <property name='p2.timestamp' value='1473469657138'/>
    <property name='p2.compressed' value='false'/>
  </properties>
  <mappings size='3'>
    <rule filter='(&amp; (classifier=osgi.bundle))' output='${repoUrl}/plugins/${id}_${version}.jar'/>
    <rule filter='(&amp; (classifier=binary))' output='${repoUrl}/binary/${id}_${version}'/>
    <rule filter='(&amp; (classifier=org.eclipse.update.feature))' output='${repoUrl}/features/${id}_${version}.jar'/>
  </mappings>
  <artifacts size='2'>
    <artifact classifier='org.eclipse.update.feature' id='org.mule.tooling.ui.extension.weather-connector.3.7.0' version='1.0.0.201609091805'>
      <properties size='4'>
        <property name='artifact.size' value='645'/>
        <property name='download.size' value='645'/>
        <property name='download.md5' value='4927edb4eb6a106b71bbd51924e92caa'/>
        <property name='download.contentType' value='application/zip'/>
      </properties>
    </artifact>
    <artifact classifier='osgi.bundle' id='org.mule.tooling.ui.contribution.weather.3.7.0' version='1.0.0.201609091805'>
      <properties size='3'>
        <property name='artifact.size' value='292012'/>
        <property name='download.size' value='292012'/>
        <property name='download.md5' value='11900c0dc6352ad64c0a9f07de6c92fc'/>
      </properties>
    </artifact>
  </artifacts>
</repository>
